short_name,first_event,source
Bushy Park,2004-10-02,https://blog.parkrun.com/uk/2026/09/30/celebrate-22together-22-years-of-parkrun/
Wimbledon Common,2007-01-06,https://www.parkrun.org.uk/wimbledon/news/2018/04/06/were-you-at-the-first-wimbledon-common-parkrun/
Peckham Rye,2014-06-21,https://www.parkrun.org.uk/peckhamrye/news/2025/02/24/peckham-ryes-500th-parkrun-22nd-february-2025/
Tooting Common,2016-01-30,https://www.parkrun.org.uk/tootingcommon/news/2025/04/05/tooting-common-parkrun-399-29-march-2025/
Clapham Common,2018-03-24,https://www.parkrun.org.uk/claphamcommon/news/2024/11/10/clapham-common-parkrun-250-a-milestone-of-community-fun-and-running/
Charlton,2021-10-02,https://charltonchampion.co.uk/2021/10/02/charlton-parkrun-is-here-331-people-take-part-in-first-event/
Southall,2022-01-08,https://hounslowherald.com/successful-start-for-southall-parkrun-p15092-313.htm
Morden,2024-06-15,https://www.parkrun.org.uk/morden/news/2024/06/18/morden-parkrun-inaugural-event-15th-june-2024/
Battersea,2024-10-12,http://runabc.co.uk/launch-of-battersea-parkrun-2024
Ingrebourne Hill,2024-12-14,https://ilfordathleticclub.co.uk/ingrebourne-park/
